Date,Close
10/7/2010,15.44
10/8/2010,15.55
10/11/2010,15.59
10/12/2010,15.6
10/13/2010,15.66
10/14/2010,15.59
10/15/2010,15.7
10/18/2010,15.7
10/19/2010,15.46
10/20/2010,15.65
10/21/2010,15.78
10/22/2010,15.86
10/25/2010,15.94
10/26/2010,16.02
10/27/2010,15.98
10/28/2010,16.05
10/29/2010,16.06
11/1/2010,16.04
11/2/2010,16.22
11/3/2010,16.28
11/4/2010,16.5
11/5/2010,16.55
11/8/2010,16.52
11/9/2010,16.4
11/10/2010,16.47
11/11/2010,16.46
11/12/2010,16.3
11/15/2010,16.23
11/16/2010,16.06
11/17/2010,16.14
11/18/2010,16.31
11/19/2010,16.4
11/22/2010,16.48
11/23/2010,16.28
11/24/2010,16.59
11/26/2010,16.52
11/29/2010,16.45
11/30/2010,16.39
12/1/2010,16.68
12/2/2010,16.82
12/3/2010,16.85
12/6/2010,16.85
12/7/2010,16.86
12/8/2010,16.85
12/9/2010,16.86
12/10/2010,16.93
12/13/2010,16.82
12/14/2010,16.81
12/15/2010,16.75
12/16/2010,16.89
12/17/2010,16.9
12/20/2010,16.96
12/21/2010,17.01
12/22/2010,17
12/23/2010,16.98
12/27/2010,16.93
12/28/2010,16.91
12/29/2010,16.97
12/30/2010,16.98
12/31/2010,16.92
1/3/2011,17.08
1/4/2011,17.01
1/5/2011,17.11
1/6/2011,17
1/7/2011,17
1/10/2011,16.99
1/11/2011,16.97
1/12/2011,17.02
1/13/2011,17
1/14/2011,17.11
1/18/2011,17.15
1/19/2011,16.98
1/20/2011,17.1
1/21/2011,17.1
1/24/2011,17.18
1/25/2011,17.19
1/26/2011,17.23
1/27/2011,17.33
1/28/2011,16.9
1/31/2011,16.91
2/1/2011,17.17
2/2/2011,17.12
2/3/2011,17.3
2/4/2011,17.35
2/7/2011,17.39
2/8/2011,17.58
2/9/2011,17.66
2/10/2011,17.7
2/11/2011,17.86
2/14/2011,17.79
2/15/2011,17.82
2/16/2011,17.93
2/17/2011,17.99
2/18/2011,18.04
2/22/2011,17.61
2/23/2011,17.38
2/24/2011,17.43
2/25/2011,17.6
2/28/2011,17.7
3/1/2011,17.41
3/2/2011,17.44
3/3/2011,17.73
3/4/2011,17.6
3/7/2011,17.45
3/8/2011,17.59
3/9/2011,17.65
3/10/2011,17.49
3/11/2011,17.56
3/14/2011,17.37
3/15/2011,17.22
3/16/2011,16.97
3/17/2011,17.01
3/18/2011,17.06
3/21/2011,17.32
3/22/2011,17.19
3/23/2011,17.32
3/24/2011,17.54
3/25/2011,17.53
3/28/2011,17.37
3/29/2011,17.52
3/30/2011,17.72
3/31/2011,17.65
4/1/2011,17.77
4/4/2011,17.79
4/5/2011,17.87
4/6/2011,17.88
4/7/2011,17.84
4/8/2011,17.75
4/11/2011,17.74
4/12/2011,17.73
4/13/2011,17.75
4/14/2011,17.73
4/15/2011,17.85
4/18/2011,17.7
4/19/2011,17.75
4/20/2011,18
4/21/2011,18.08
4/25/2011,18.07
4/26/2011,18.13
4/27/2011,18.33
4/28/2011,18.36
4/29/2011,18.38
5/2/2011,18.43
5/3/2011,18.37
5/4/2011,18.29
5/5/2011,18.28
5/6/2011,18.3
5/9/2011,18.37
5/10/2011,18.61
5/11/2011,18.49
5/12/2011,18.64
5/13/2011,18.54
5/16/2011,18.3
5/17/2011,18.33
5/18/2011,18.52
5/19/2011,18.55
5/20/2011,18.4
5/23/2011,18.25
5/24/2011,18.14
5/25/2011,18.14
5/26/2011,18.28
5/27/2011,18.33
5/31/2011,18.42
6/1/2011,18.06
6/2/2011,18.02
6/3/2011,17.8
6/6/2011,17.6
6/7/2011,17.63
6/8/2011,17.53
6/9/2011,17.65
6/10/2011,17.35
6/13/2011,17.33
6/14/2011,17.57
6/15/2011,17.34
6/16/2011,17.35
6/17/2011,17.44
6/20/2011,17.58
6/21/2011,17.89
6/22/2011,17.74
6/23/2011,17.78
6/24/2011,17.53
6/27/2011,17.72
6/28/2011,17.98
6/29/2011,18.09
6/30/2011,18.24
7/1/2011,18.55
7/5/2011,18.59
7/6/2011,18.58
7/7/2011,18.85
7/8/2011,18.74
7/11/2011,18.38
7/12/2011,18.33
7/13/2011,18.43
7/14/2011,18.27
7/15/2011,18.28
7/18/2011,18.07
7/19/2011,18.42
7/20/2011,18.33
7/21/2011,18.49
7/22/2011,18.55
7/25/2011,18.42
7/26/2011,18.41
7/27/2011,18.11
7/28/2011,18
7/29/2011,17.93
8/1/2011,17.81
8/2/2011,17.23
8/3/2011,17.36
8/4/2011,16.56
8/5/2011,16.53
8/8/2011,15.47
8/9/2011,16.22
8/10/2011,15.51
8/11/2011,16.18
8/12/2011,16.34
8/15/2011,16.58
8/16/2011,16.58
8/17/2011,16.55
8/18/2011,15.85
8/19/2011,15.65
8/22/2011,15.68
8/23/2011,16.2
8/24/2011,16.43
8/25/2011,16.12
8/26/2011,16.45
8/29/2011,16.92
8/30/2011,17.04
8/31/2011,17.09
9/1/2011,16.89
9/2/2011,16.48
9/6/2011,16.44
9/7/2011,16.85
9/8/2011,16.68
9/9/2011,16.26
9/12/2011,16.42
9/13/2011,16.61
9/14/2011,16.88
9/15/2011,17.11
9/16/2011,17.29
9/19/2011,17.26
9/20/2011,17.17
9/21/2011,16.74
9/22/2011,16.23
9/23/2011,16.37
9/26/2011,16.73
9/27/2011,16.79
9/28/2011,16.53
9/29/2011,16.4
9/30/2011,15.99
10/3/2011,15.53
10/4/2011,15.93
10/5/2011,16.14
10/6/2011,16.46
10/7/2011,16.45
10/10/2011,16.98
10/11/2011,17.03
10/12/2011,17.18
10/13/2011,17.18
10/14/2011,17.42
10/17/2011,17.16
10/18/2011,17.44
10/19/2011,17.23
10/20/2011,17.29
10/21/2011,17.67
10/24/2011,17.92
10/25/2011,17.55
10/26/2011,17.57
10/27/2011,17.99
10/28/2011,17.92
10/31/2011,17.64
11/1/2011,17.29
11/2/2011,17.48
11/3/2011,17.7
11/4/2011,17.68
11/7/2011,17.77
11/8/2011,17.96
11/9/2011,17.35
11/10/2011,17.47
11/11/2011,17.89
11/14/2011,17.79
11/15/2011,17.83
11/16/2011,17.5
11/17/2011,17.27
11/18/2011,17.27
11/21/2011,17.01
11/22/2011,16.99
11/23/2011,16.67
11/25/2011,16.62
11/28/2011,17.08
11/29/2011,17.13
11/30/2011,17.63
12/1/2011,17.66
12/2/2011,17.75
12/5/2011,17.89
12/6/2011,17.87
12/7/2011,17.94
12/8/2011,17.6
12/9/2011,17.86
12/12/2011,17.8
12/13/2011,17.5
12/14/2011,17.33
12/15/2011,17.38
12/16/2011,17.47
12/19/2011,17.21
12/20/2011,17.74
12/21/2011,17.76
12/22/2011,17.75
12/23/2011,17.95
12/27/2011,17.98
12/28/2011,17.77
12/29/2011,17.94
12/30/2011,17.85
1/3/2012,17.99
1/4/2012,18.04
1/5/2012,18.12
1/6/2012,18.11
1/9/2012,18.11
1/10/2012,18.2
1/11/2012,18.26
1/12/2012,18.29
1/13/2012,18.23
1/17/2012,18.33
1/18/2012,18.57
1/19/2012,18.77
1/20/2012,18.67
1/23/2012,18.66
1/24/2012,18.69
1/25/2012,18.82
1/26/2012,18.78
1/27/2012,18.8
1/30/2012,18.74
1/31/2012,18.71
2/1/2012,18.86
2/2/2012,18.85
2/3/2012,19.13
2/6/2012,19.09
2/7/2012,19.14
2/8/2012,19.16
2/9/2012,19.23
2/10/2012,19.13
2/13/2012,19.21
2/14/2012,19.21
2/15/2012,19.15
2/16/2012,19.27
2/17/2012,19.42
2/21/2012,19.29
2/22/2012,19.21
2/23/2012,19.31
2/24/2012,19.31
2/27/2012,19.36
2/28/2012,19.52
2/29/2012,19.47
3/1/2012,19.57
3/2/2012,19.53
3/5/2012,19.55
3/6/2012,19.33
3/7/2012,19.51
3/8/2012,19.69
3/9/2012,19.8
3/12/2012,19.76
3/13/2012,20.04
3/14/2012,20
3/15/2012,20.08
3/16/2012,20.03
3/19/2012,20.11
3/20/2012,20.13
3/21/2012,20.17
3/22/2012,20.13
3/23/2012,20.19
3/26/2012,20.43
3/27/2012,20.39
3/28/2012,20.22
3/29/2012,20.2
3/30/2012,20.25
4/2/2012,20.31
4/3/2012,20.27
4/4/2012,20.08
4/5/2012,20.18
4/9/2012,20.01
4/10/2012,19.59
4/11/2012,19.83
4/12/2012,20.08
4/13/2012,19.99
4/16/2012,19.98
4/17/2012,20.23
4/18/2012,20.24
4/19/2012,20.17
4/20/2012,20.22
4/23/2012,19.96
4/24/2012,19.86
4/25/2012,20.1
4/26/2012,20.36
4/27/2012,20.65
4/30/2012,20.5
5/1/2012,20.58
5/2/2012,20.66
5/3/2012,20.51
5/4/2012,20.2
5/7/2012,20.2
5/8/2012,20.04
5/9/2012,19.97
5/10/2012,20.06
5/11/2012,20.07
5/14/2012,19.81
5/15/2012,19.8
5/16/2012,19.76
5/17/2012,19.32
5/18/2012,19.17
5/21/2012,19.48
5/22/2012,19.52
5/23/2012,19.63
5/24/2012,19.74
5/25/2012,19.75
5/29/2012,19.99
5/30/2012,19.7
5/31/2012,19.69
6/1/2012,19.15
6/4/2012,19.24
6/5/2012,19.33
6/6/2012,19.72
6/7/2012,19.68
6/8/2012,19.86
6/11/2012,19.58
6/12/2012,19.8
6/13/2012,19.55
6/14/2012,19.83
6/15/2012,20
6/18/2012,20.17
6/19/2012,20.27
6/20/2012,20.25
6/21/2012,19.88
6/22/2012,19.99
6/25/2012,19.72
6/26/2012,19.94
6/27/2012,19.94
6/28/2012,19.86
6/29/2012,20.3
7/2/2012,20.42
7/3/2012,20.42
7/5/2012,20.45
7/6/2012,20.38
7/9/2012,20.31
7/10/2012,20.22
7/11/2012,20.12
7/12/2012,20.05
7/13/2012,20.33
7/16/2012,20.22
7/17/2012,20.39
7/18/2012,20.45
7/19/2012,20.57
7/20/2012,20.35
7/23/2012,20.08
7/24/2012,19.95
7/25/2012,19.89
7/26/2012,20.21
7/27/2012,20.56
7/30/2012,20.55
7/31/2012,20.39
8/1/2012,20.26
8/2/2012,20.27
8/3/2012,20.61
8/6/2012,20.66
8/7/2012,20.77
8/8/2012,20.75
8/9/2012,20.7
8/10/2012,20.68
8/13/2012,20.7
8/14/2012,20.74
8/15/2012,20.8
8/16/2012,20.91
8/17/2012,20.99
8/20/2012,20.94
8/21/2012,20.91
8/22/2012,20.97
8/23/2012,20.83
8/24/2012,20.97
8/27/2012,20.97
8/28/2012,21
8/29/2012,21.1
8/30/2012,20.98
8/31/2012,21.07
9/4/2012,21.09
9/5/2012,21.13
9/6/2012,21.54
9/7/2012,21.6
9/10/2012,21.53
9/11/2012,21.51
9/12/2012,21.58
9/13/2012,21.88
9/14/2012,21.93
9/17/2012,21.84
9/18/2012,21.77
9/19/2012,21.96
9/20/2012,21.95
9/21/2012,21.94
9/24/2012,21.91
9/25/2012,21.64
9/26/2012,21.51
9/27/2012,21.73
9/28/2012,21.63
10/1/2012,21.66
10/2/2012,21.62
10/3/2012,21.78
10/4/2012,21.95
10/5/2012,21.99
10/8/2012,21.95
10/9/2012,21.61
10/10/2012,21.56
10/11/2012,21.47
10/12/2012,21.47
10/15/2012,21.65
10/16/2012,21.82
10/17/2012,21.9
10/18/2012,21.94
10/19/2012,21.58
10/22/2012,21.56
10/23/2012,21.36
10/24/2012,21.26
10/25/2012,21.26
10/26/2012,21.32
10/31/2012,21.34
11/1/2012,21.53
11/2/2012,21.49
11/5/2012,21.51
11/6/2012,21.64
11/7/2012,21.39
11/8/2012,21.08
11/9/2012,21.03
11/12/2012,21.01
11/13/2012,21.05
11/14/2012,20.74
11/15/2012,20.67
11/16/2012,20.79
11/19/2012,21.14
11/20/2012,21.22
11/21/2012,21.3
11/23/2012,21.55
11/26/2012,21.47
11/27/2012,21.4
11/28/2012,21.69
11/29/2012,21.77
11/30/2012,21.88
12/3/2012,21.74
12/4/2012,21.68
12/5/2012,21.65
12/6/2012,21.81
12/7/2012,21.85
12/10/2012,21.77
12/11/2012,21.82
12/12/2012,21.81
12/13/2012,21.74
12/14/2012,21.68
12/17/2012,22.02
12/18/2012,22.23
12/19/2012,21.91
12/20/2012,21.98
12/21/2012,21.74
12/24/2012,21.68
12/26/2012,21.47
12/27/2012,21.49
12/28/2012,21.31
12/31/2012,21.7
1/2/2013,22.2
1/3/2013,22.19
1/4/2013,22.32
1/7/2013,22.25
1/8/2013,22.2
1/9/2013,22.26
1/10/2013,22.32
1/11/2013,22.37
1/14/2013,22.39
1/15/2013,22.55
1/16/2013,22.52
1/17/2013,22.76
1/18/2013,22.79
1/22/2013,22.86
1/23/2013,22.93
1/24/2013,23.09
1/25/2013,23.27
1/28/2013,23.21
1/29/2013,23.13
1/30/2013,23.11
1/31/2013,23.06
2/1/2013,23.25
2/4/2013,22.91
2/5/2013,23.15
2/6/2013,23.16
2/7/2013,23.14
2/8/2013,23.31
2/11/2013,23.25
2/12/2013,23.3
2/13/2013,23.35
2/14/2013,23.33
2/15/2013,23.29
2/19/2013,23.41
2/20/2013,23.1
2/21/2013,22.95
2/22/2013,23.1
2/25/2013,22.77
2/26/2013,22.93
2/27/2013,23.26
2/28/2013,23.25
3/1/2013,23.39
3/4/2013,23.65
3/5/2013,23.83
3/6/2013,23.77
3/7/2013,23.79
3/8/2013,24.03
3/11/2013,24.06
3/12/2013,24.02
3/13/2013,24.14
3/14/2013,24.16
3/15/2013,24.03
3/18/2013,23.92
3/19/2013,23.83
3/20/2013,24.12
3/21/2013,23.96
3/22/2013,24.22
3/25/2013,24.13
3/26/2013,24.26
3/27/2013,24.29
3/28/2013,24.4
4/1/2013,24.29
4/2/2013,24.45
4/3/2013,24.18
4/4/2013,24.36
4/5/2013,24.3
4/8/2013,24.55
4/9/2013,24.52
4/10/2013,24.75
4/11/2013,24.95
4/12/2013,25.04
4/15/2013,24.47
4/16/2013,24.82
4/17/2013,24.58
4/18/2013,24.27
4/19/2013,24.58
4/22/2013,24.65
4/23/2013,24.88
4/24/2013,24.81
4/25/2013,24.99
4/26/2013,24.91
4/29/2013,24.95
4/30/2013,24.98
5/1/2013,24.92
5/2/2013,25.18
5/3/2013,25.45
5/6/2013,25.47
5/7/2013,25.67
5/8/2013,25.73
5/9/2013,25.72
5/10/2013,25.95
5/13/2013,25.95
5/14/2013,26.2
5/15/2013,26.37
5/16/2013,26.08
5/17/2013,26.24
5/20/2013,26.14
5/21/2013,26.25
5/22/2013,26.01
5/23/2013,25.98
5/24/2013,25.98
5/28/2013,26.21
5/29/2013,25.91
5/30/2013,25.85
5/31/2013,25.58
6/3/2013,25.65
6/4/2013,25.59
6/5/2013,25.22
6/6/2013,25.41
6/7/2013,25.86
6/10/2013,25.8
6/11/2013,25.62
6/12/2013,25.34
6/13/2013,25.72
6/14/2013,25.68
6/17/2013,25.81
6/18/2013,26.05
6/19/2013,25.77
6/20/2013,25.09
6/21/2013,25.18
6/24/2013,24.99
6/25/2013,25.18
6/26/2013,25.4
6/27/2013,25.6
6/28/2013,25.64
7/1/2013,25.81
7/2/2013,25.86
7/3/2013,25.95
7/5/2013,26.2
7/8/2013,26.48
7/9/2013,26.61
7/10/2013,26.63
7/11/2013,27.01
7/12/2013,27.15
7/15/2013,27.1
7/16/2013,27.01
7/17/2013,27.07
7/18/2013,27.16
7/19/2013,27.12
7/22/2013,27.11
7/23/2013,27.06
7/24/2013,26.94
7/25/2013,27.01
7/26/2013,27.16
7/29/2013,26.98
7/30/2013,26.95
7/31/2013,27.09
8/1/2013,27.44
8/2/2013,27.56
8/5/2013,27.55
8/6/2013,27.37
8/7/2013,27.21
8/8/2013,27.35
8/9/2013,27.24
8/12/2013,27.2
8/13/2013,27.21
8/14/2013,26.95
8/15/2013,26.46
8/16/2013,26.39
8/19/2013,26.27
8/20/2013,26.48
8/21/2013,26.26
8/22/2013,26.48
8/23/2013,26.5
8/26/2013,26.52
8/27/2013,26.04
8/28/2013,26.13
8/29/2013,26.25
8/30/2013,26.06
9/3/2013,26.27
9/4/2013,26.47
9/5/2013,26.51
9/6/2013,26.49
9/9/2013,26.76
9/10/2013,27.03
9/11/2013,27.23
9/12/2013,27.2
9/13/2013,27.29
9/16/2013,27.44
9/17/2013,27.66
9/18/2013,27.91
9/19/2013,27.92
9/20/2013,27.74
9/23/2013,27.58
9/24/2013,27.53
9/25/2013,27.36
9/26/2013,27.57
9/27/2013,27.55
9/30/2013,27.49
10/1/2013,27.75
10/2/2013,27.73
10/3/2013,27.47
10/4/2013,27.7
10/7/2013,27.37
10/8/2013,26.98
10/9/2013,26.88
10/10/2013,27.46
10/11/2013,27.69
10/14/2013,27.81
10/15/2013,27.63
10/16/2013,27.94
10/17/2013,28.11
10/18/2013,28.29
10/21/2013,28.31
10/22/2013,28.49
10/23/2013,28.38
10/24/2013,28.68
10/25/2013,28.81
10/28/2013,28.81
10/29/2013,28.96
10/30/2013,28.78
10/31/2013,28.87
11/1/2013,28.99
11/4/2013,29.07
11/5/2013,29.08
11/6/2013,29.07
11/7/2013,28.5
11/8/2013,28.9
11/11/2013,29
11/12/2013,29.01
11/13/2013,29.35
11/14/2013,29.53
11/15/2013,29.56
11/18/2013,29.34
11/19/2013,29.24
11/20/2013,29.09
11/21/2013,29.35
11/22/2013,29.59
11/25/2013,29.61
11/26/2013,29.75
11/27/2013,29.83
11/29/2013,29.87
12/2/2013,29.75
12/3/2013,29.55
12/4/2013,29.47
12/5/2013,29.35
12/6/2013,29.59
12/9/2013,29.6
12/10/2013,29.6
12/11/2013,29.37
12/12/2013,29.29
12/13/2013,29.38
12/16/2013,29.51
12/17/2013,29.37
12/18/2013,29.87
12/19/2013,29.86
12/20/2013,30.05
12/23/2013,30.08
12/24/2013,30.17
12/26/2013,30.31
12/27/2013,30.2
12/30/2013,30.31
12/31/2013,30.35
1/2/2014,30.28
1/3/2014,30.27
1/6/2014,30.03
1/7/2014,30.24
1/8/2014,30.23
1/9/2014,30.25
1/10/2014,30.33
1/13/2014,29.75
1/14/2014,30.01
1/15/2014,30.06
1/16/2014,29.94
1/17/2014,29.81
1/21/2014,29.78
1/22/2014,29.89
1/23/2014,29.67
1/24/2014,29.16
1/27/2014,29.02
1/28/2014,29.26
1/29/2014,28.77
1/30/2014,29.24
1/31/2014,28.97
2/3/2014,28.21
2/4/2014,28.5
2/5/2014,28.53
2/6/2014,29.12
2/7/2014,29.45
2/10/2014,29.43
2/11/2014,29.72
2/12/2014,29.74
2/13/2014,29.86
2/14/2014,29.96
2/18/2014,30.02
2/19/2014,29.81
2/20/2014,30
2/21/2014,30.01
2/24/2014,30.22
2/25/2014,30.39
2/26/2014,30.56
2/27/2014,30.7
2/28/2014,30.84
3/3/2014,30.56
3/4/2014,31.01
3/5/2014,31.06
3/6/2014,31.14
3/7/2014,31.12
3/10/2014,31.01
3/11/2014,30.91
3/12/2014,30.93
3/13/2014,30.52
3/14/2014,30.56
3/17/2014,30.77
3/18/2014,30.85
3/19/2014,30.64
3/20/2014,30.7
3/21/2014,30.57
3/24/2014,30.27
3/25/2014,30.14
3/26/2014,29.85
3/27/2014,29.65
3/28/2014,29.84
3/31/2014,30.07
4/1/2014,30.44
4/2/2014,30.62
4/3/2014,30.46
4/4/2014,29.98
4/7/2014,29.44
4/8/2014,29.66
4/9/2014,30.07
4/10/2014,29.21
4/11/2014,28.95
4/14/2014,29.14
4/15/2014,29.11
4/16/2014,29.52
4/17/2014,29.59
4/21/2014,29.64
4/22/2014,29.91
4/23/2014,29.83
4/24/2014,29.94
4/25/2014,29.49
4/28/2014,29.48
4/29/2014,29.62
4/30/2014,29.69
5/1/2014,29.79
5/2/2014,29.87
5/5/2014,29.93
5/6/2014,29.55
5/7/2014,29.49
5/8/2014,29.5
5/9/2014,29.71
5/12/2014,30.07
5/13/2014,30.01
5/14/2014,29.72
5/15/2014,29.49
5/16/2014,29.68
5/19/2014,29.83
5/20/2014,29.56
5/21/2014,29.85
5/22/2014,30.01
5/23/2014,30.23
5/27/2014,30.33
5/28/2014,30.29
5/29/2014,30.42
5/30/2014,30.5
6/2/2014,30.61
6/3/2014,30.58
6/4/2014,30.7
6/5/2014,30.91
6/6/2014,31.02
6/9/2014,31
6/10/2014,30.9
6/11/2014,30.82
6/12/2014,30.41
6/13/2014,30.43
6/16/2014,30.49
6/17/2014,30.61
6/18/2014,30.87
6/19/2014,30.86
6/20/2014,30.75
6/23/2014,30.76
6/24/2014,30.55
6/25/2014,30.81
6/26/2014,30.81
6/27/2014,30.91
6/30/2014,30.87
7/1/2014,31.18
7/2/2014,31.18
7/3/2014,31.4
7/7/2014,31.18
7/8/2014,30.89
7/9/2014,31.23
7/10/2014,31.04
7/11/2014,31.1
7/14/2014,31.17
7/15/2014,31.12
7/16/2014,31.14
7/17/2014,30.88
7/18/2014,31.2
7/21/2014,31.02
7/22/2014,31.19
7/23/2014,31.21
7/24/2014,31.3
7/25/2014,31.01
7/28/2014,30.98
7/29/2014,30.93
7/30/2014,31.08
7/31/2014,30.58
8/1/2014,30.53
8/4/2014,30.88
8/5/2014,30.54
8/6/2014,30.35
8/7/2014,30.22
8/8/2014,30.61
8/11/2014,30.79
8/12/2014,30.73
8/13/2014,30.83
8/14/2014,31.1
8/15/2014,31.03
8/18/2014,31.34
8/19/2014,31.57
8/20/2014,31.68
8/21/2014,31.69
8/22/2014,31.74
8/25/2014,31.81
8/26/2014,31.83
8/27/2014,31.86
8/28/2014,31.81
8/29/2014,31.79
9/2/2014,31.89
9/3/2014,31.8
9/4/2014,31.91
9/5/2014,32.05
9/8/2014,31.94
9/9/2014,31.66
9/10/2014,31.74
9/11/2014,31.77
9/12/2014,31.7
9/15/2014,31.56
9/16/2014,31.69
9/17/2014,31.77
9/18/2014,31.88
9/19/2014,31.86
9/22/2014,31.4
9/23/2014,31.18
9/24/2014,31.48
9/25/2014,31.02
9/26/2014,31.25
9/29/2014,31.18
9/30/2014,31.11
10/1/2014,30.66
10/2/2014,30.75
10/3/2014,31.21
10/6/2014,31.02
10/7/2014,30.63
10/8/2014,31.09
10/9/2014,30.48
10/10/2014,30.27
10/13/2014,29.57
10/14/2014,29.8
10/15/2014,29.56
10/16/2014,29.52
10/17/2014,29.83
10/20/2014,30.32
10/21/2014,30.92
10/22/2014,30.67
10/23/2014,31.04
10/24/2014,31.13
10/27/2014,31.24
10/28/2014,31.5
10/29/2014,31.43
10/30/2014,31.61
10/31/2014,31.91
11/3/2014,31.97
11/4/2014,31.76
11/5/2014,31.86
11/6/2014,32.14
11/7/2014,32.13
11/10/2014,32.18
11/11/2014,32.29
11/12/2014,32.42
11/13/2014,32.64
11/14/2014,32.74
11/17/2014,32.65
11/18/2014,32.78
11/19/2014,32.86
11/20/2014,32.92
11/21/2014,33
11/24/2014,33.3
11/25/2014,33.39
11/26/2014,33.47
11/28/2014,33.93
12/1/2014,33.58
12/2/2014,33.64
12/3/2014,33.66
12/4/2014,33.68
12/5/2014,33.78
12/8/2014,33.6
12/9/2014,33.52
12/10/2014,33.12
12/11/2014,33.49
12/12/2014,33.28
12/15/2014,33.2
12/16/2014,32.7
12/17/2014,33.25
12/18/2014,33.8
12/19/2014,33.98
12/22/2014,34.25
12/23/2014,34.43
12/24/2014,34.39
12/26/2014,34.5
12/29/2014,34.71
12/30/2014,34.6
12/31/2014,34.44
1/2/2015,34.18
1/5/2015,33.66
1/6/2015,33.39
1/7/2015,33.91
1/8/2015,34.42
1/9/2015,34.06
1/12/2015,33.88
1/13/2015,33.89
1/14/2015,33.49
1/15/2015,33.22
1/16/2015,33.58
1/20/2015,33.47
1/21/2015,33.68
1/22/2015,34.35
1/23/2015,34.33
1/26/2015,34.54
1/27/2015,34.3
1/28/2015,33.87
1/29/2015,34.21
1/30/2015,33.73
2/2/2015,33.95
2/3/2015,34.57
2/4/2015,34.82
2/5/2015,35
2/6/2015,34.92
2/9/2015,34.73
2/10/2015,35.18
2/11/2015,35.23
2/12/2015,35.52
2/13/2015,35.71
2/17/2015,35.69
2/18/2015,35.74
2/19/2015,35.73
2/20/2015,35.99
2/23/2015,36.01
2/24/2015,36.16
2/25/2015,36.27
2/26/2015,36.2
2/27/2015,36.12
3/2/2015,36.48
3/3/2015,36.43
3/4/2015,36.23
3/5/2015,36.31
3/6/2015,35.92
3/9/2015,36.09
3/10/2015,35.53
3/11/2015,35.45
3/12/2015,36.14
3/13/2015,35.95
3/16/2015,36.38
3/17/2015,36.28
3/18/2015,36.5
3/19/2015,36.49
3/20/2015,36.84
3/23/2015,36.73
3/24/2015,36.58
3/25/2015,35.82
3/26/2015,35.61
3/27/2015,35.86
3/30/2015,36.24
3/31/2015,36.05
4/1/2015,35.82
4/2/2015,36.08
4/6/2015,36.21
4/7/2015,36
4/8/2015,36.33
4/9/2015,36.36
4/10/2015,36.48
4/13/2015,36.31
4/14/2015,36.23
4/15/2015,36.19
4/16/2015,36.23
4/17/2015,35.69
4/20/2015,36
4/21/2015,36.12
4/22/2015,36.19
4/23/2015,36.39
4/24/2015,36.82
4/27/2015,36.49
4/28/2015,36.41
4/29/2015,36.03
4/30/2015,35.67
5/1/2015,36.16
5/4/2015,36.21
5/5/2015,35.78
5/6/2015,35.66
5/7/2015,35.89
5/8/2015,36.19
5/11/2015,36.01
5/12/2015,35.97
5/13/2015,35.8
5/14/2015,36.02
5/15/2015,36.27
5/18/2015,36.47
5/19/2015,36.37
5/20/2015,36.19
5/21/2015,36.34
5/22/2015,36.29
5/26/2015,36
5/27/2015,36.34
5/28/2015,36.21
5/29/2015,36.05
6/1/2015,36.11
6/2/2015,36.15
6/3/2015,36.35
6/4/2015,36.11
6/5/2015,35.99
6/8/2015,35.64
6/9/2015,35.62
6/10/2015,35.96
6/11/2015,36.06
6/12/2015,35.93
6/15/2015,35.76
6/16/2015,35.93
6/17/2015,36.08
6/18/2015,36.49
6/19/2015,36.44
6/22/2015,36.61
6/23/2015,36.72
6/24/2015,36.36
6/25/2015,36.32
6/26/2015,36.42
6/29/2015,35.68
6/30/2015,35.78
7/1/2015,36.13
7/2/2015,36.03
7/6/2015,36.03
7/7/2015,36.38
7/8/2015,35.75
7/9/2015,36.04
7/10/2015,36.6
7/13/2015,37.1
7/14/2015,37.12
7/15/2015,37.09
7/16/2015,37.46
7/17/2015,37.38
7/20/2015,37.38
7/21/2015,37.24
7/22/2015,37.45
7/23/2015,37.13
7/24/2015,37.06
7/27/2015,36.78
7/28/2015,37.11
7/29/2015,37.38
7/30/2015,37.44
7/31/2015,37.6
8/3/2015,37.6
8/4/2015,37.67
8/5/2015,37.45
8/6/2015,36.83
8/7/2015,36.72
8/10/2015,37.01
8/11/2015,36.75
8/12/2015,36.68
8/13/2015,36.82
8/14/2015,36.85
8/17/2015,37.21
8/18/2015,37.09
8/19/2015,36.95
8/20/2015,35.99
8/21/2015,34.84
8/24/2015,33.27
8/25/2015,33.44
8/26/2015,34.65
8/27/2015,35.4
8/28/2015,35.35
8/31/2015,35.02
9/1/2015,34.24
9/2/2015,34.96
9/3/2015,34.97
9/4/2015,34.65
9/8/2015,35.45
9/9/2015,35.04
9/10/2015,35.14
9/11/2015,35.38
9/14/2015,35.24
9/15/2015,35.53
9/16/2015,35.85
9/17/2015,35.92
9/18/2015,35.4
9/21/2015,35.66
9/22/2015,35.26
9/23/2015,35.25
9/24/2015,35.06
9/25/2015,34.85
9/28/2015,33.81
9/29/2015,33.68
9/30/2015,34.4
10/1/2015,34.61
10/2/2015,35.08
10/5/2015,35.67
10/6/2015,35.28
10/7/2015,35.44
10/8/2015,35.82
10/9/2015,35.97
10/12/2015,36.15
10/13/2015,35.96
10/14/2015,35.41
10/15/2015,35.91
10/16/2015,36.08
10/19/2015,36.24
10/20/2015,36.16
10/21/2015,35.89
10/22/2015,36.29
10/23/2015,36.59
10/26/2015,36.83
10/27/2015,36.75
10/28/2015,36.93
10/29/2015,37.06
10/30/2015,36.97
11/2/2015,37.23
11/3/2015,37.35
11/4/2015,37.09
11/5/2015,37.15
11/6/2015,37.19
11/9/2015,36.69
11/10/2015,36.97
11/11/2015,36.74
11/12/2015,36.38
11/13/2015,35.57
11/16/2015,35.93
11/17/2015,36.06
11/18/2015,36.63
11/19/2015,36.53
11/20/2015,36.81
11/23/2015,36.93
11/24/2015,36.81
11/25/2015,37
11/27/2015,36.95
11/30/2015,36.63
12/1/2015,37.03
12/2/2015,36.81
12/3/2015,36.38
12/4/2015,37.09
12/7/2015,37.05
12/8/2015,36.85
12/9/2015,36.46
12/10/2015,36.62
12/11/2015,35.86
12/14/2015,36.03
12/15/2015,36.17
12/16/2015,36.79
12/17/2015,36.19
12/18/2015,35.72
12/21/2015,35.94
12/22/2015,36.22
12/23/2015,36.42
12/24/2015,36.34
12/28/2015,36.35
12/29/2015,36.76
12/30/2015,36.49
12/31/2015,36.16
1/4/2016,35.52
1/5/2016,35.53
1/6/2016,35.28
1/7/2016,34.64
1/8/2016,34.31
1/11/2016,34.46
1/12/2016,34.78
1/13/2016,33.6
1/14/2016,33.94
1/15/2016,33.24
1/19/2016,33.42
1/20/2016,33.06
1/21/2016,33.38
1/22/2016,34.01
1/25/2016,33.56
1/26/2016,34.01
1/27/2016,33.53
1/28/2016,33.71
1/29/2016,34.24
2/1/2016,34.45
2/2/2016,33.71
2/3/2016,33.59
2/4/2016,33.49
2/5/2016,32.52
2/8/2016,31.89
2/9/2016,31.86
2/10/2016,31.92
2/11/2016,31.93
2/12/2016,32.51
2/16/2016,33.2
2/17/2016,33.89
2/18/2016,33.6
2/19/2016,33.75
2/22/2016,34.3
2/23/2016,34.2
2/24/2016,34.42
2/25/2016,34.74
2/26/2016,34.62
2/29/2016,34.54
3/1/2016,35.27
3/2/2016,35.23
3/3/2016,35.39
3/4/2016,35.36
3/7/2016,35.25
3/8/2016,35.02
3/9/2016,35.18
3/10/2016,35.13
3/11/2016,35.69
3/14/2016,35.86
3/15/2016,35.73
3/16/2016,35.99
3/17/2016,35.99
3/18/2016,36.1
3/21/2016,36.1
3/22/2016,36.01
3/23/2016,35.73
3/24/2016,35.74
3/28/2016,35.93
3/29/2016,36.29
3/30/2016,36.52
3/31/2016,36.45
4/1/2016,36.66
4/4/2016,36.44
4/5/2016,36.08
4/6/2016,36.45
4/7/2016,35.94
4/8/2016,35.95
4/11/2016,35.79
4/12/2016,36.07
4/13/2016,36.53
4/14/2016,36.52
4/15/2016,36.64
4/18/2016,36.88
4/19/2016,36.76
4/20/2016,36.73
4/21/2016,36.49
4/22/2016,36.35
4/25/2016,36.41
4/26/2016,36.49
4/27/2016,36.5
4/28/2016,36.06
4/29/2016,36.08
5/2/2016,36.57
5/3/2016,36.32
5/4/2016,36.18
5/5/2016,36.01
5/6/2016,36.17
5/9/2016,36.39
5/10/2016,36.78
5/11/2016,36.1
5/12/2016,36.02
5/13/2016,35.66
5/16/2016,35.92
5/17/2016,35.49
5/18/2016,35.28
5/19/2016,35.37
5/20/2016,35.59
5/23/2016,35.39
5/24/2016,35.81
5/25/2016,35.96
5/26/2016,36.01
5/27/2016,36.19
5/31/2016,36.21
6/1/2016,36.3
6/2/2016,36.52
6/3/2016,36.37
6/6/2016,36.39
6/7/2016,36.44
6/8/2016,36.51
6/9/2016,36.43
6/10/2016,36.12
6/13/2016,35.87
6/14/2016,35.75
6/15/2016,35.8
6/16/2016,35.89
6/17/2016,35.74
6/20/2016,35.98
6/21/2016,35.86
6/22/2016,35.84
6/23/2016,36.17
6/24/2016,35.03
6/27/2016,34.44
6/28/2016,34.98
6/29/2016,35.64
6/30/2016,35.86
7/1/2016,36.15
7/5/2016,35.96
7/6/2016,36.2
7/7/2016,36.34
7/8/2016,36.92
7/11/2016,37.15
7/12/2016,37.3
7/13/2016,37.19
7/14/2016,37.42
7/15/2016,37.23
7/18/2016,37.36
7/19/2016,37.28
7/20/2016,37.4
7/21/2016,37.24
7/22/2016,37.43
7/25/2016,37.41
7/26/2016,37.4
7/27/2016,37.19
7/28/2016,37.38
7/29/2016,37.33
8/1/2016,37.37
8/2/2016,36.94
8/3/2016,37.05
8/4/2016,37.04
8/5/2016,37.31
8/8/2016,37.22
8/9/2016,37.18
8/10/2016,37.27
8/11/2016,37.58
8/12/2016,37.6
8/15/2016,37.67
8/16/2016,37.48
8/17/2016,37.42
8/18/2016,37.42
8/19/2016,37.29
8/22/2016,37.3
8/23/2016,37.35
8/24/2016,37.2
8/25/2016,37
8/26/2016,36.86
8/29/2016,36.99
8/30/2016,36.88
8/31/2016,36.85
9/1/2016,36.94
9/2/2016,37.07
9/6/2016,37.12
9/7/2016,37.17
9/8/2016,36.97
9/9/2016,36.12
9/12/2016,36.62
9/13/2016,36.14
9/14/2016,36.03
9/15/2016,36.35
9/16/2016,36.27
9/19/2016,36.18
9/20/2016,36.24
9/21/2016,36.51
9/22/2016,36.79
9/23/2016,36.76
9/26/2016,36.24
9/27/2016,36.57
9/28/2016,36.66
9/29/2016,36.44
9/30/2016,36.78
10/3/2016,36.74
10/4/2016,36.62
10/5/2016,36.72
10/6/2016,36.7
10/7/2016,36.52
10/10/2016,36.62
10/11/2016,36.21
10/12/2016,36.37
10/13/2016,36.3
10/14/2016,36.28
10/17/2016,35.97
10/18/2016,36.23
10/19/2016,36.36
10/20/2016,36.43
10/21/2016,36.58
10/24/2016,36.85
10/25/2016,36.53
10/26/2016,36.32
10/27/2016,36.07
10/28/2016,35.8
10/31/2016,35.93
11/1/2016,35.66
11/2/2016,35.57
11/3/2016,35.35
11/4/2016,35.24
11/7/2016,36.04
11/8/2016,36.07
11/9/2016,36.4
11/10/2016,36.49
11/11/2016,36.62
11/14/2016,36.8
11/15/2016,36.9
11/16/2016,37.06
11/17/2016,37.44
11/18/2016,37.37
11/21/2016,37.6
11/22/2016,38.02
11/23/2016,38.07
11/25/2016,38.18
11/28/2016,37.96
11/29/2016,38.04
11/30/2016,37.8
12/1/2016,37.71
12/2/2016,37.63
12/5/2016,37.84
12/6/2016,38.07
12/7/2016,38.63
12/8/2016,38.62
12/9/2016,38.78
12/12/2016,38.49
12/13/2016,38.79
12/14/2016,38.59
12/15/2016,38.61
12/16/2016,38.5
12/19/2016,38.61
12/20/2016,38.89
12/21/2016,38.68
12/22/2016,38.28
12/23/2016,38.23
12/27/2016,38.37
12/28/2016,38.11
12/29/2016,38.06
12/30/2016,37.76
1/3/2017,37.88
1/4/2017,38.26
1/5/2017,38.28
1/6/2017,38.41
1/9/2017,38.44
1/10/2017,38.58
1/11/2017,38.69
1/12/2017,38.67
1/13/2017,38.76
1/17/2017,38.84
1/18/2017,38.81
1/19/2017,38.64
1/20/2017,38.7
1/23/2017,38.64
1/24/2017,38.88
1/25/2017,39.04
1/26/2017,39.19
1/27/2017,38.99
1/30/2017,38.95
1/31/2017,38.9
2/1/2017,38.83
2/2/2017,38.81
2/3/2017,38.83
2/6/2017,38.72
2/7/2017,38.76
2/8/2017,38.96
2/9/2017,39.3
2/10/2017,39.42
2/13/2017,39.47
2/14/2017,39.64
2/15/2017,39.95
2/16/2017,39.81
2/17/2017,39.92
2/21/2017,40.18
2/22/2017,40.12
2/23/2017,39.87
2/24/2017,40.08
2/27/2017,40.11
2/28/2017,39.8
3/1/2017,40.14
3/2/2017,40.01
3/3/2017,39.91
3/6/2017,39.78
3/7/2017,39.61
3/8/2017,39.71
3/9/2017,39.68
3/10/2017,39.74
3/13/2017,39.76
3/14/2017,39.7
3/15/2017,39.94
3/16/2017,39.95
3/17/2017,39.99
3/20/2017,39.85
3/21/2017,39.39
3/22/2017,39.54
3/23/2017,39.57
3/24/2017,39.53
3/27/2017,39.57
3/28/2017,39.85
3/29/2017,40.04
3/30/2017,40.21
3/31/2017,40.23
4/3/2017,40.09
4/4/2017,40.06
4/5/2017,39.98
4/6/2017,40.14
4/7/2017,40.08
4/10/2017,40.22
4/11/2017,40.22
4/12/2017,40.06
4/13/2017,39.8
4/17/2017,40.14
4/18/2017,40.12
4/19/2017,40.18
4/20/2017,40.59
4/21/2017,40.56
4/24/2017,40.82
4/25/2017,41.15
4/26/2017,41.34
4/27/2017,41.5
4/28/2017,41.31
5/1/2017,41.41
5/2/2017,41.51
5/3/2017,41.31
5/4/2017,41.34
5/5/2017,41.53
5/8/2017,41.47
5/9/2017,41.67
5/10/2017,41.61
5/11/2017,41.4
5/12/2017,41.26
5/15/2017,41.32
5/16/2017,41.18
5/17/2017,40.51
5/18/2017,40.77
5/19/2017,41.05
5/22/2017,41.27
5/23/2017,41.13
5/24/2017,41.25
5/25/2017,41.67
5/26/2017,41.78
5/30/2017,41.75
5/31/2017,41.88
6/1/2017,42.33
6/2/2017,42.52
6/5/2017,42.39
6/6/2017,41.99
6/7/2017,42.1
6/8/2017,41.9
6/9/2017,41.69
6/12/2017,41.59
6/13/2017,41.84
6/14/2017,41.85
6/15/2017,41.58
6/16/2017,41.38
6/19/2017,41.73
6/20/2017,41.23
6/21/2017,41.29
6/22/2017,41.19
6/23/2017,41.12
6/26/2017,41.31
6/27/2017,40.96
6/28/2017,41.33
6/29/2017,40.93
6/30/2017,41.03
7/3/2017,40.91
7/5/2017,40.86
7/6/2017,40.49
7/7/2017,40.78
7/10/2017,40.7
7/11/2017,40.61
7/12/2017,40.97
7/13/2017,41.03
7/14/2017,41.15
7/17/2017,41.27
7/18/2017,41.34
7/19/2017,41.52
7/20/2017,41.42
7/21/2017,41.42
7/24/2017,41.37
7/25/2017,41.69
7/26/2017,41.69
7/27/2017,41.92
7/28/2017,41.72
7/31/2017,41.74
8/1/2017,41.89
8/2/2017,41.71
8/3/2017,41.53
8/4/2017,41.51
8/7/2017,41.62
8/8/2017,41.53
8/9/2017,41.37
8/10/2017,40.78
8/11/2017,40.99
8/14/2017,41.22
8/15/2017,40.91
8/16/2017,41.09
8/17/2017,40.44
8/18/2017,40.3
8/21/2017,40.4
8/22/2017,40.81
8/23/2017,40.48
8/24/2017,40.2
8/25/2017,40.38
8/28/2017,40.38
8/29/2017,40.38
8/30/2017,40.66
8/31/2017,40.86
9/1/2017,41
9/5/2017,40.85
9/6/2017,41.1
9/7/2017,40.89
9/8/2017,40.71
9/11/2017,40.92
9/12/2017,41.13
9/13/2017,41.41
9/14/2017,41.17
9/15/2017,41.11
9/18/2017,40.95
9/19/2017,40.88
9/20/2017,40.98
9/21/2017,40.89
9/22/2017,40.98
9/25/2017,40.89
9/26/2017,40.74
9/27/2017,40.98
9/28/2017,40.89
9/29/2017,41.01
10/2/2017,41.05
10/3/2017,41.26
10/4/2017,41.38
10/5/2017,41.64
10/6/2017,41.49
10/9/2017,41.28
10/10/2017,41.36
10/11/2017,41.4
10/12/2017,41.18
10/13/2017,41.31
10/16/2017,41.32
10/17/2017,41.33
10/18/2017,41.29
10/19/2017,41.23
10/20/2017,41.4
10/23/2017,41.17
10/24/2017,41.2
10/25/2017,41.01
10/26/2017,40.95
10/27/2017,41.37
10/30/2017,41.23
10/31/2017,41.28
11/1/2017,41.34
11/2/2017,41.21
11/3/2017,41.38
11/6/2017,41.58
11/7/2017,41.36
11/8/2017,41.45
11/9/2017,41.53
11/10/2017,41.69
11/13/2017,41.73
11/14/2017,41.75
11/15/2017,41.59
11/16/2017,42.13
11/17/2017,42.28
11/20/2017,42.27
11/21/2017,42.5
11/22/2017,42.61
11/24/2017,42.63
11/27/2017,42.63
11/28/2017,43.16
11/29/2017,43.5
11/30/2017,43.82
12/1/2017,43.78
12/4/2017,44.26
12/5/2017,44
12/6/2017,43.77
12/7/2017,43.89
12/8/2017,44.09
12/11/2017,44.21
12/12/2017,44.2
12/13/2017,44.2
12/14/2017,44.3
12/15/2017,44.59
12/18/2017,44.97
12/19/2017,44.85
12/20/2017,44.78
12/21/2017,45.02
12/22/2017,44.96
12/26/2017,45.04
12/27/2017,44.99
12/28/2017,45.1
12/29/2017,44.81
1/2/2018,45.42
1/3/2018,45.6
1/4/2018,45.61
1/5/2018,45.97
1/8/2018,46.04
1/9/2018,46.07
1/10/2018,46.16
1/11/2018,46.92
1/12/2018,47.52
1/16/2018,47.3
1/17/2018,47.55
1/18/2018,47.59
1/19/2018,47.97
1/22/2018,48.48
1/23/2018,48.83
1/24/2018,48.9
1/25/2018,48.94
1/26/2018,49.37
1/29/2018,49.41
1/30/2018,49.07
1/31/2018,48.85
2/1/2018,48.35
2/2/2018,47.79
2/5/2018,46.11
2/6/2018,47.1
2/7/2018,47.07
2/8/2018,45.17
2/9/2018,45.32
2/12/2018,45.9
2/13/2018,46.26
2/14/2018,46.87
2/15/2018,47.35
2/16/2018,47.35
2/20/2018,46.9
2/21/2018,46.99
2/22/2018,46.81
2/23/2018,47.47
2/26/2018,47.84
2/27/2018,46.97
2/28/2018,46.87
3/1/2018,46.37
3/2/2018,46.51
3/5/2018,46.99
3/6/2018,47.22
3/7/2018,46.96
3/8/2018,47.09
3/9/2018,47.87
3/12/2018,47.99
3/13/2018,47.65
3/14/2018,47.47
3/15/2018,47.42
3/16/2018,47.41
3/19/2018,46.77
3/20/2018,47.02
3/21/2018,46.9
3/22/2018,45.91
3/23/2018,45
3/26/2018,46.26
3/27/2018,45.37
3/28/2018,44.99
3/29/2018,45.58
4/2/2018,44.24
4/3/2018,44.73
4/4/2018,45.45
4/5/2018,45.98
4/6/2018,45.05
4/9/2018,44.94
4/10/2018,45.37
4/11/2018,45.21
4/12/2018,45.44
4/13/2018,45.22
4/16/2018,45.64
4/17/2018,46.44
4/18/2018,46.74
4/19/2018,46.63
4/20/2018,46.16
4/23/2018,46.21
4/24/2018,45.55
4/25/2018,45.75
4/26/2018,46.31
4/27/2018,46.46
4/30/2018,46.36
5/1/2018,46.44
5/2/2018,46.08
5/3/2018,45.83
5/4/2018,46.47
5/7/2018,46.52
5/8/2018,46.36
5/9/2018,46.46
5/10/2018,46.61
5/11/2018,46.72
5/14/2018,46.84
5/15/2018,46.58
5/16/2018,47
5/17/2018,46.84
5/18/2018,46.84
5/21/2018,46.93
5/22/2018,46.69
5/23/2018,46.92
5/24/2018,47.02
5/25/2018,47.14
5/29/2018,46.79
5/30/2018,47.28
5/31/2018,46.94
6/1/2018,47.19
6/4/2018,47.76
6/5/2018,47.96
6/6/2018,48.37
6/7/2018,48.52
6/8/2018,48.57
6/11/2018,48.81
6/12/2018,49.01
6/13/2018,49.1
6/14/2018,49.61
6/15/2018,49.73
6/18/2018,49.63
6/19/2018,49.66
6/20/2018,49.96
6/21/2018,49.73
6/22/2018,49.77
6/25/2018,48.77
6/26/2018,48.86
6/27/2018,48.28
6/28/2018,48.49
6/29/2018,48.44
7/2/2018,48.53
7/3/2018,48.33
7/5/2018,48.62
7/6/2018,49.07
7/9/2018,49.58
7/10/2018,49.67
7/11/2018,49.51
7/12/2018,49.86
7/13/2018,50.09
7/16/2018,50.11
7/17/2018,50.16
7/18/2018,50.2
7/19/2018,50.09
7/20/2018,49.89
7/23/2018,49.83
7/24/2018,49.65
7/25/2018,50.04
7/26/2018,49.97
7/27/2018,49.98
7/30/2018,49.42
7/31/2018,49.59
8/1/2018,49.4
8/2/2018,49.72
8/3/2018,49.89
8/6/2018,50.24
8/7/2018,50.46
8/8/2018,50.54
8/9/2018,50.64
8/10/2018,50.34
8/13/2018,50.2
8/14/2018,50.74
8/15/2018,50.21
8/16/2018,50.61
8/17/2018,50.65
8/20/2018,50.98
8/21/2018,51.29
8/22/2018,51.38
8/23/2018,51.26
8/24/2018,51.57
8/27/2018,51.78
8/28/2018,51.91
8/29/2018,52.43
8/30/2018,52.27
8/31/2018,52.52
9/4/2018,52.74
9/5/2018,52.15
9/6/2018,51.96
9/7/2018,52.07
9/10/2018,52.25
9/11/2018,52.58
9/12/2018,52.65
9/13/2018,52.67
9/14/2018,52.47
9/17/2018,51.84
9/18/2018,52.46
9/19/2018,52.42
9/20/2018,52.75
9/21/2018,52.66
9/24/2018,52.38
9/25/2018,52.65
9/26/2018,52.74
9/27/2018,52.97
9/28/2018,52.94
10/1/2018,52.79
10/2/2018,52.35
10/3/2018,52.14
10/4/2018,51.47
10/5/2018,50.87
10/8/2018,51
10/9/2018,51.05
10/10/2018,49.3
10/11/2018,48.46
10/12/2018,49.67
10/15/2018,49.53
10/16/2018,50.66
10/17/2018,50.77
10/18/2018,49.83
10/19/2018,49.7
10/22/2018,49.84
10/23/2018,49.69
10/24/2018,47.82
10/25/2018,49.25
10/26/2018,47.74
10/29/2018,47.28
10/30/2018,48.11
10/31/2018,48.65
11/1/2018,49.62
11/2/2018,49.62
11/5/2018,49.65
11/6/2018,49.92
11/7/2018,51.31
11/8/2018,51.29
11/9/2018,50.78
11/12/2018,49.78
11/13/2018,49.76
11/14/2018,49.36
11/15/2018,49.45
11/16/2018,49.15
11/19/2018,48.01
11/20/2018,46.8
11/21/2018,47.27
11/23/2018,47.19
11/26/2018,48
11/27/2018,48.33
11/28/2018,49.8
11/29/2018,49.8
11/30/2018,49.86
12/3/2018,50.6
12/4/2018,48.82
12/6/2018,49.19
12/7/2018,47.74
12/10/2018,47.87
12/11/2018,47.81
12/12/2018,48.24
12/13/2018,48.01
12/14/2018,47.04
12/17/2018,45.88
12/18/2018,46.14
12/19/2018,45.24
12/20/2018,44.18
12/21/2018,42.92
12/24/2018,42.03
12/26/2018,44.42
12/27/2018,44.61
12/28/2018,44.67
12/31/2018,45.23
1/2/2019,45.53
1/3/2019,44.74
1/4/2019,46.29
1/7/2019,47.14
1/8/2019,47.62
1/9/2019,47.77
1/10/2019,47.76
1/11/2019,47.74
1/14/2019,47.41
1/15/2019,47.96
1/16/2019,47.97
1/17/2019,48.24
1/18/2019,48.59
1/22/2019,47.7
1/23/2019,47.9
1/24/2019,48.06
1/25/2019,48.45
1/28/2019,48.23
1/29/2019,47.91
1/30/2019,48.6
1/31/2019,49.29
2/1/2019,48.68
2/4/2019,49.05
2/5/2019,49.43
2/6/2019,49.2
2/7/2019,48.97
2/8/2019,48.77
2/11/2019,48.7
2/12/2019,49.34
2/13/2019,49.53
2/14/2019,49.53
2/15/2019,49.92
2/19/2019,50.19
2/20/2019,50.07
2/21/2019,50.02
2/22/2019,50.33
2/25/2019,50.15
2/26/2019,50.19
2/27/2019,50.09
2/28/2019,50
3/1/2019,50.28
3/4/2019,50.1
3/5/2019,50.24
3/6/2019,50
3/7/2019,49.3
3/8/2019,49.12
3/11/2019,49.81
3/12/2019,49.91
3/13/2019,50.17
3/14/2019,50.09
3/15/2019,50.4
3/18/2019,50.69
3/19/2019,50.71
3/20/2019,50.78
3/21/2019,51.38
3/22/2019,50.45
3/25/2019,50.55
3/26/2019,50.75
3/27/2019,50.65
3/28/2019,50.89
3/29/2019,51.08
4/1/2019,51.65
4/2/2019,51.55
4/3/2019,51.86
4/4/2019,52.15
4/5/2019,52.49
4/8/2019,52.62
4/9/2019,52.37
4/10/2019,52.63
4/11/2019,52.73
4/12/2019,53.12
4/15/2019,53.3
4/16/2019,53.54
4/17/2019,53.64
4/18/2019,53.65
4/22/2019,53.58
4/23/2019,54.15
4/24/2019,54.11
4/25/2019,54.08
4/26/2019,54.45
4/29/2019,54.43
4/30/2019,54.32
5/1/2019,53.9
5/2/2019,53.79
5/3/2019,54.48
5/6/2019,54.33
5/7/2019,53.52
5/8/2019,53.53
5/9/2019,53.36
5/10/2019,53.45
5/13/2019,51.95
5/14/2019,52.35
5/15/2019,52.72
5/16/2019,53.23
5/17/2019,52.97
5/20/2019,52.57
5/21/2019,52.97
5/22/2019,52.69
5/23/2019,52
5/24/2019,52.05
5/28/2019,51.86
5/29/2019,51.41
5/30/2019,51.63
5/31/2019,51.03
6/3/2019,50.56
6/4/2019,51.73
6/5/2019,51.96
6/6/2019,52.22
6/7/2019,52.93
6/10/2019,53.24
6/11/2019,53.35
6/12/2019,53.37
6/13/2019,53.86
6/14/2019,53.92
6/17/2019,53.97
6/18/2019,54.29
6/19/2019,54.54
6/20/2019,54.8
6/21/2019,54.55
6/24/2019,54.31
6/25/2019,53.92
6/26/2019,53.88
6/27/2019,54.21
6/28/2019,54.43
7/1/2019,54.88
7/2/2019,55.17
7/3/2019,55.61
7/5/2019,55.71
7/8/2019,55.57
7/9/2019,55.69
7/10/2019,55.92
7/11/2019,56.16
7/12/2019,56.64
7/15/2019,56.71
7/16/2019,56.71
7/17/2019,56.24
7/18/2019,55.96
7/19/2019,55.45
7/22/2019,55.37
7/23/2019,55.58
7/24/2019,55.97
7/25/2019,55.84
7/26/2019,56.27
7/29/2019,56
7/30/2019,55.7
7/31/2019,54.98
8/1/2019,54.46
8/2/2019,54.11
8/5/2019,52.66
8/6/2019,53.38
8/7/2019,53.31
8/8/2019,54.32
8/9/2019,53.98
8/12/2019,53.25
8/13/2019,53.97
8/14/2019,52.39
8/15/2019,52.55
8/16/2019,53.23
8/19/2019,53.78
8/20/2019,53.68
8/21/2019,54.3
8/22/2019,54.38
8/23/2019,53.07
8/26/2019,53.58
8/27/2019,53.57
8/28/2019,54.11
8/29/2019,54.83
8/30/2019,54.65
9/3/2019,54.27
9/4/2019,54.89
9/5/2019,55.62
9/6/2019,55.77
9/9/2019,55.95
9/10/2019,55.77
9/11/2019,55.89
9/12/2019,56.09
9/13/2019,56.11
9/16/2019,55.51
9/17/2019,55.82
9/18/2019,55.75
9/19/2019,55.42
9/20/2019,54.82
9/23/2019,54.9
9/24/2019,54.22
9/25/2019,54.6
9/26/2019,54.16
9/27/2019,53.95
9/30/2019,54.35
10/1/2019,53.96
10/2/2019,53.17
10/3/2019,53.27
10/4/2019,53.9
10/7/2019,53.84
10/8/2019,53.28
10/9/2019,53.63
10/10/2019,53.98
10/11/2019,54.53
10/14/2019,54.47
10/15/2019,54.86
10/16/2019,55.04
10/17/2019,55.32
10/18/2019,55.03
10/21/2019,55.18
10/22/2019,54.89
10/23/2019,54.76
10/24/2019,54.79
10/25/2019,55.08
10/28/2019,55.34
10/29/2019,54.97
10/30/2019,55.16
10/31/2019,54.96
11/1/2019,55.22
11/4/2019,55.3
11/5/2019,55.43
11/6/2019,55.38
11/7/2019,55.29
11/8/2019,55.43
11/11/2019,55.44
11/12/2019,55.41
11/13/2019,55.57
11/14/2019,55.85
11/15/2019,55.78
11/18/2019,56.07
11/19/2019,55.78
11/20/2019,55.57
11/21/2019,55.48
11/22/2019,55.7
11/25/2019,55.99
11/26/2019,56.31
11/27/2019,56.75
11/29/2019,56.39
12/2/2019,55.96
12/3/2019,55.44
12/4/2019,55.58
12/5/2019,55.55
12/6/2019,55.94
12/9/2019,55.85
12/10/2019,55.58
12/11/2019,55.72
12/12/2019,56.22
12/13/2019,56.22
12/16/2019,56.27
12/17/2019,56.56
12/18/2019,56.44
12/19/2019,56.84
12/20/2019,57.09
12/23/2019,56.91
12/24/2019,57.03
12/26/2019,57.47
12/27/2019,57.41
12/30/2019,57.07
12/31/2019,57.06
1/2/2020,57.62
1/3/2020,57.29
1/6/2020,57.39
1/7/2020,57.31
1/8/2020,57.52
1/9/2020,57.78
1/10/2020,57.47
1/13/2020,57.7
1/14/2020,57.81
1/15/2020,57.76
1/16/2020,58.15
1/17/2020,58.28
1/21/2020,58.09
1/22/2020,58.02
1/23/2020,58.13
1/24/2020,57.37
1/27/2020,56.61
1/28/2020,57.07
1/29/2020,56.77
1/30/2020,56.95
1/31/2020,56.6
2/3/2020,56.99
2/4/2020,57.92
2/5/2020,58.26
2/6/2020,58.25
2/7/2020,58
2/10/2020,58.17
2/11/2020,58.78
2/12/2020,59.41
2/13/2020,59.4
2/14/2020,59.25
2/18/2020,59.45
2/19/2020,59.67
2/20/2020,59.63
2/21/2020,58.97
2/24/2020,57.1
2/25/2020,55.43
2/26/2020,54.83
2/27/2020,52.75
2/28/2020,52.1
3/2/2020,53.83
3/3/2020,52.6
3/4/2020,54.31
3/5/2020,52.3
3/6/2020,51.89
3/9/2020,48.57
3/10/2020,50.96
3/11/2020,48.08
3/12/2020,43.17
3/13/2020,46.54
3/16/2020,41.34
3/17/2020,42.27
3/18/2020,39.89
3/19/2020,41.27
3/20/2020,39.82
3/23/2020,39.8
3/24/2020,43.4
3/25/2020,43.81
3/26/2020,45.77
3/27/2020,44.08
3/30/2020,44.95
3/31/2020,44.29
4/1/2020,42.45
4/2/2020,42.76
4/3/2020,41.98
4/6/2020,45.2
4/7/2020,45.64
4/8/2020,46.92
4/9/2020,47.68
4/13/2020,47.62
4/14/2020,49.39
4/15/2020,48.33
4/16/2020,48.81
4/17/2020,50
4/20/2020,49.17
4/21/2020,48.02
4/22/2020,48.71
4/23/2020,48.78
4/24/2020,49.57
4/27/2020,50.58
4/28/2020,50.7
4/29/2020,51.94
4/30/2020,51.19
5/1/2020,49.77
5/4/2020,49.95
5/5/2020,49.97
5/6/2020,49.87
5/7/2020,50.66
5/8/2020,51.64
5/11/2020,51.44
5/12/2020,50.37
5/13/2020,49.4
5/14/2020,49.91
5/15/2020,50.68
5/18/2020,52.59
5/19/2020,52.19
5/20/2020,53.02
5/21/2020,53.05
5/22/2020,53
5/26/2020,53.78
5/27/2020,54.71
5/28/2020,54.16
5/29/2020,54.45
6/1/2020,54.95
6/2/2020,55.3
6/3/2020,56.23
6/4/2020,56.15
6/5/2020,57.26
6/8/2020,58.28
6/9/2020,57.47
6/10/2020,56.7
6/11/2020,53.76
6/12/2020,54.36
6/15/2020,54.68
6/16/2020,55.76
6/17/2020,55.59
6/18/2020,55.51
6/19/2020,55.09
6/22/2020,55.43
6/23/2020,55.67
6/24/2020,54.3
6/25/2020,54.39
6/26/2020,53.21
6/29/2020,54.27
6/30/2020,54.76
7/1/2020,55.41
7/2/2020,55.33
7/6/2020,56.4
7/7/2020,55.83
7/8/2020,56.18
7/9/2020,56.15
7/10/2020,57.13
7/13/2020,56.4
7/14/2020,57.04
7/15/2020,58.22
7/16/2020,58.01
7/17/2020,57.75
7/20/2020,58
7/21/2020,58.26
7/22/2020,58.71
7/23/2020,58.06
7/24/2020,58.12
7/27/2020,58.36
7/28/2020,57.93
7/29/2020,58.47
7/30/2020,58.41
7/31/2020,58.49
8/3/2020,58.7
8/4/2020,59.47
8/5/2020,59.87
8/6/2020,60.43
8/7/2020,60.43
8/10/2020,60.91
8/11/2020,60.76
8/12/2020,61.38
8/13/2020,61.34
8/14/2020,61.45
8/17/2020,61.9
8/18/2020,61.98
8/19/2020,61.75
8/20/2020,61.61
8/21/2020,61.79
8/24/2020,62.6
8/25/2020,62.68
8/26/2020,63.48
8/27/2020,63.59
8/28/2020,64.07
8/31/2020,63.65
9/1/2020,64.41
9/2/2020,65.18
9/3/2020,63.45
9/4/2020,62.89
9/8/2020,62.07
9/9/2020,62.82
9/10/2020,62.03
9/11/2020,61.92
9/14/2020,62.63
9/15/2020,63.17
9/16/2020,63.21
9/17/2020,62.32
9/18/2020,61.67
9/21/2020,60.88
9/22/2020,61.87
9/23/2020,60.42
9/24/2020,60.35
9/25/2020,61.18
9/28/2020,62.38
9/29/2020,61.9
9/30/2020,62.5
10/1/2020,63.26
10/2/2020,62.9
10/5/2020,63.66
10/6/2020,62.56
10/7/2020,63.82
10/8/2020,64.25
10/9/2020,64.58
10/12/2020,65.22
10/13/2020,65.47
10/14/2020,64.75
10/15/2020,64.86
10/16/2020,64.43
10/19/2020,63.69
10/20/2020,63.99
10/21/2020,63.76
10/22/2020,63.94
10/23/2020,64.39
10/26/2020,62.98
10/27/2020,62.74
10/28/2020,60.89
10/29/2020,61.59
10/30/2020,60.62
11/2/2020,60.91
11/3/2020,62.44
11/4/2020,63.68
11/5/2020,64.98
11/6/2020,65.1
11/9/2020,65.64
11/10/2020,65.61
11/11/2020,66.04
11/12/2020,65.37
11/13/2020,66.44
11/16/2020,67.44
11/17/2020,67.11
11/18/2020,66.68
11/19/2020,67.03
11/20/2020,66.76
11/23/2020,67.46
11/24/2020,68.56
11/25/2020,68.59
11/27/2020,68.6
11/30/2020,68.38
12/1/2020,68.96
12/2/2020,68.87
12/3/2020,69.02
12/4/2020,69.25
12/7/2020,69.22
12/8/2020,69.07
12/9/2020,68.86
12/10/2020,69.05
12/11/2020,69.19
12/14/2020,68.85
12/15/2020,69.66
12/16/2020,69.81
12/17/2020,70.21
12/18/2020,69.77
12/21/2020,69.57
12/22/2020,69.36
12/23/2020,69.55
12/24/2020,69.58
12/28/2020,70.2
12/29/2020,70.28
12/30/2020,70.33
12/31/2020,70.5
1/4/2021,69.35
1/5/2021,69.7
1/6/2021,70.3
1/7/2021,70.84
1/8/2021,71.24
1/11/2021,71.08
1/12/2021,71.35
1/13/2021,71.31
1/14/2021,71.04
1/15/2021,70.55
1/19/2021,70.43
1/20/2021,71.82
1/21/2021,71.96
1/22/2021,71.6
1/25/2021,71.36
1/26/2021,71.5
1/27/2021,69.23
1/28/2021,70.46
1/29/2021,68.94
2/1/2021,69.74
2/2/2021,71.2
2/3/2021,71.23
2/4/2021,72.42
2/5/2021,72.99
2/8/2021,73.7
2/9/2021,73.77
2/10/2021,73.85
2/11/2021,73.71
2/12/2021,73.74
2/16/2021,73.8
2/17/2021,74.06
2/18/2021,73.74
2/19/2021,73.79
2/22/2021,73.64
2/23/2021,73.69
2/24/2021,73.96
2/25/2021,71.99
2/26/2021,72.26
3/1/2021,73.65
3/2/2021,73.15
3/3/2021,72.14
3/4/2021,70.97
3/5/2021,71.92
3/8/2021,72.66
3/9/2021,73.2
3/10/2021,74.04
3/11/2021,74.78
3/12/2021,75.45
3/15/2021,76.22
3/16/2021,75.9
3/17/2021,76.15
3/18/2021,74.86
3/19/2021,75.48
3/22/2021,75.83
3/23/2021,74.97
3/24/2021,73.82
3/25/2021,74.42
3/26/2021,74.82
3/29/2021,74.53
3/30/2021,74.83
3/31/2021,74.83
4/1/2021,75.72
4/5/2021,76.64
4/6/2021,77.22
4/7/2021,76.98
4/8/2021,77.26
4/9/2021,77.67
4/12/2021,77.62
4/13/2021,77.74
4/14/2021,77.43
4/15/2021,77.99
4/16/2021,78.41
4/19/2021,77.95
4/20/2021,77.02
4/21/2021,77.4
4/22/2021,77.02
4/23/2021,77.58
4/26/2021,77.54
4/27/2021,77.81
4/28/2021,77.59
4/29/2021,78.19
4/30/2021,78
5/3/2021,78.13
5/4/2021,77.38
5/5/2021,76.88
5/6/2021,76.88
5/7/2021,77.65
5/10/2021,77.11
5/11/2021,76.34
5/12/2021,74.19
5/13/2021,75.01
5/14/2021,76.16
5/17/2021,75.62
5/18/2021,75.37
5/19/2021,74.85
5/20/2021,75.54
5/21/2021,75.36
5/24/2021,75.9
5/25/2021,76.11
5/26/2021,76.56
5/27/2021,76.75
5/28/2021,76.69
6/1/2021,76.51
6/2/2021,76.37
6/3/2021,75.59
6/4/2021,75.99
6/7/2021,75.92
6/8/2021,76.29
6/9/2021,75.79
6/10/2021,76.07
6/11/2021,76.5
6/14/2021,76.55
6/15/2021,76.13
6/16/2021,75.79
6/17/2021,76
6/18/2021,75.39
6/21/2021,76.2
6/22/2021,76.92
6/23/2021,76.92
6/24/2021,77.23
6/25/2021,77.65
6/28/2021,77.36
6/29/2021,77.25
6/30/2021,77.61
7/1/2021,77.97
7/2/2021,78.48
7/6/2021,78.39
7/7/2021,78.38
7/8/2021,77.94
7/9/2021,78.91
7/12/2021,78.95
7/13/2021,78.28
7/14/2021,78.25
7/15/2021,78.05
7/16/2021,77.13
7/19/2021,76.19
7/20/2021,77.59
7/21/2021,78.3
7/22/2021,78.44
7/23/2021,79.32
7/26/2021,79.68
7/27/2021,79.22
7/28/2021,79.01
7/29/2021,79.08
7/30/2021,78.11
8/2/2021,77.78
8/3/2021,78.1
8/4/2021,77.5
8/5/2021,78.56
8/6/2021,78.37
8/9/2021,77.99
8/10/2021,78.5
8/11/2021,78.88
8/12/2021,78.71
8/13/2021,78.57
8/16/2021,78.64
8/17/2021,77.56
8/18/2021,77.36
8/19/2021,77.34
8/20/2021,78.17
8/23/2021,78.78
8/24/2021,79.07
8/25/2021,79.43
8/26/2021,78.68
8/27/2021,79.23
8/30/2021,79.43
8/31/2021,79.71
9/1/2021,79.94
9/2/2021,80.2
9/3/2021,79.96
9/7/2021,79.82
9/8/2021,79.89
9/9/2021,79.8
9/10/2021,79.33
9/13/2021,79.51
9/14/2021,78.65
9/15/2021,79.1
9/16/2021,79.61
9/17/2021,79.36
9/20/2021,77.74
9/21/2021,77.67
9/22/2021,78.65
9/23/2021,79.48
9/24/2021,79.65
9/27/2021,79.94
9/28/2021,78.45
9/29/2021,78.42
9/30/2021,77.31
10/1/2021,78.19
10/4/2021,77.31
10/5/2021,77.84
10/6/2021,78.02
10/7/2021,79.04
10/8/2021,78.78
10/11/2021,78.25
10/12/2021,78.64
10/13/2021,78.9
10/14/2021,79.75
10/15/2021,80.58
10/18/2021,81.2
10/19/2021,81.19
10/20/2021,81.04
10/21/2021,82.19
10/22/2021,81.92
10/25/2021,83.19
10/26/2021,83.12
10/27/2021,82.85
10/28/2021,83.74
10/29/2021,83.91
11/1/2021,84.97
11/2/2021,84.56
11/3/2021,85.72
11/4/2021,86.5
11/5/2021,86.98
11/8/2021,86.38
11/9/2021,85.87
11/10/2021,84.99
11/11/2021,84.77
11/12/2021,85.25
11/15/2021,85.33
11/16/2021,86.14
11/17/2021,86.08
11/18/2021,86.43
11/19/2021,86.35
11/22/2021,86
11/23/2021,85.56
11/24/2021,85.72
11/26/2021,83.8
11/29/2021,84.42
11/30/2021,82.91
12/1/2021,81.15
12/2/2021,82.45
12/3/2021,81.29
12/6/2021,82.48
12/7/2021,83.98
12/8/2021,84.23
12/9/2021,83.08
12/10/2021,83.59
12/13/2021,81.93
12/14/2021,81.41
12/15/2021,82.38
12/16/2021,80.89
12/17/2021,80.5
12/20/2021,79.37
12/21/2021,81.39
12/22/2021,82.41
12/23/2021,83.3
12/27/2021,83.96
12/28/2021,84.08
12/29/2021,84.23
12/30/2021,84.2
12/31/2021,84
1/3/2022,85.29
1/4/2022,85.04
1/5/2022,82.88
1/6/2022,82.67
1/7/2022,81.75
1/10/2022,80.88
1/11/2022,81.67
1/12/2022,81.83
1/13/2022,80.64
1/14/2022,79.89
1/18/2022,78.5
1/19/2022,77.55
1/20/2022,76.04
1/21/2022,73.7
1/24/2022,74.59
1/25/2022,73.22
1/26/2022,72.72
1/27/2022,71.75
1/28/2022,73.24
1/31/2022,75.86
2/1/2022,76.61
2/2/2022,76.25
2/3/2022,74.18
2/4/2022,75.55
2/7/2022,75.47
2/8/2022,76.56
2/9/2022,77.85
2/10/2022,76.74
2/11/2022,74.86
2/14/2022,74.96
2/15/2022,76.61
2/16/2022,76.62
2/17/2022,74.97
2/18/2022,74.52
2/22/2022,72.51
2/23/2022,70.58
2/24/2022,72.11
2/25/2022,73.5
2/28/2022,73.57
3/1/2022,72.46
3/2/2022,73.81
3/3/2022,72.45
3/4/2022,71.11
3/7/2022,67.88
3/8/2022,67.91
3/9/2022,69.82
3/10/2022,70.13
3/11/2022,68.91
3/14/2022,67.93
3/15/2022,70.05
3/16/2022,72.22
3/17/2022,73.24
3/18/2022,74.51
3/21/2022,73.62
3/22/2022,75.11
3/23/2022,73.98
3/24/2022,74.54
3/25/2022,74.42
3/28/2022,75.67
3/29/2022,77.36
3/30/2022,76.38
3/31/2022,75.04
4/1/2022,75.13
4/4/2022,76.32
4/5/2022,74.9
4/6/2022,73.4
4/7/2022,73.61
4/8/2022,73.22
4/11/2022,72.3
4/12/2022,72.26
4/13/2022,73.9
4/14/2022,73.16
4/18/2022,72.86
4/19/2022,74.93
4/20/2022,73.56
4/21/2022,72.51
4/22/2022,70.7
4/25/2022,71.31
4/26/2022,68.42
4/27/2022,68.21
4/28/2022,69.67
4/29/2022,66.66
5/2/2022,67.47
5/3/2022,67.21
5/4/2022,68.9
5/5/2022,65.59
5/6/2022,64.38
5/9/2022,62.11
5/10/2022,61.94
5/11/2022,60.14
5/12/2022,60.63
5/13/2022,62.86
5/16/2022,61.83
5/17/2022,63.03
5/18/2022,59.11
5/19/2022,59.16
5/20/2022,58.5
5/23/2022,59.08
5/24/2022,57.56
5/25/2022,59.02
5/26/2022,61.62
5/27/2022,63.43
5/31/2022,63.6
6/1/2022,62.79
6/2/2022,64.65
6/3/2022,63.21
6/6/2022,63.56
6/7/2022,63.61
6/8/2022,63.19
6/9/2022,61.82
6/10/2022,59.57
6/13/2022,56.85
6/14/2022,56.69
6/15/2022,58.12
6/16/2022,55.58
6/17/2022,56.22
6/21/2022,57.34
6/22/2022,57.27
6/23/2022,58.19
6/24/2022,60.29
6/27/2022,59.69
6/28/2022,57.74
6/29/2022,57.49
6/30/2022,56.74
7/1/2022,57.71
7/5/2022,58.94
7/6/2022,58.63
7/7/2022,59.99
7/8/2022,59.86
7/11/2022,58.47
7/12/2022,58.26
7/13/2022,58.55
7/14/2022,58.38
7/15/2022,59.57
7/18/2022,59.76
7/19/2022,61.54
7/20/2022,62.7
7/21/2022,63.6
7/22/2022,63.06
7/25/2022,62.67
7/26/2022,60.73
7/27/2022,62.8
7/28/2022,63.91
7/29/2022,65.51
8/1/2022,65.88
8/2/2022,65.61
8/3/2022,67.04
8/4/2022,67.05
8/5/2022,66.39
8/8/2022,66.89
8/9/2022,65.84
8/10/2022,67.76
8/11/2022,67.76
8/12/2022,69.07
8/15/2022,69.47
8/16/2022,70.4
8/17/2022,69.51
8/18/2022,69.46
8/19/2022,68.03
8/22/2022,66.1
8/23/2022,66.13
8/24/2022,66.56
8/25/2022,67.39
8/26/2022,65
8/29/2022,64.7
8/30/2022,64.07
8/31/2022,63.63
9/1/2022,64.01
9/2/2022,63.5
9/6/2022,63.15
9/7/2022,65.04
9/8/2022,65.48
9/9/2022,66.75
9/12/2022,67.55
9/13/2022,64.42
9/14/2022,64.98
9/15/2022,64.75
9/16/2022,63.97
9/19/2022,64.76
9/20/2022,63.64
9/21/2022,62.31
9/22/2022,60.85
9/23/2022,59.55
9/26/2022,59.23
9/27/2022,59.3
9/28/2022,61.06
9/29/2022,59.18
9/30/2022,58.2
10/3/2022,58.85